{"cameraMode":{"drawMode":0,"name":"Shaded","section":"Shading Mode"},"sceneLighting":false,"audioPlay":false,"sceneViewState":{"showFog":true,"showMaterialUpdate":false,"showSkybox":true,"showFlares":true,"showImageEffects":true,"showParticleSystems":true},"in2DMode":false,"pivot":{"x":0.9151654243469238,"y":0.8477816581726074,"z":-1.903393268585205},"rotation":{"x":0.32936447858810427,"y":0.6200253963470459,"z":0.3213808536529541,"w":-0.6354809403419495},"size":0.9453751444816589,"orthographic":false}